{"count":1,"self":1682.4237056,"total":2973.5176406,"children":{"InitializeActuators":{"count":1,"self":0.0010058,"total":0.0010058,"children":null},"InitializeSensors":{"count":1,"self":0.0010044,"total":0.0010044,"children":null},"AgentSendState":{"count":2102268,"self":2.3931032,"total":18.6002649,"children":{"CollectObservations":{"count":420454,"self":11.064189599999999,"total":11.0641894,"children":null},"WriteActionMask":{"count":420454,"self":0.1890191,"total":0.1890191,"children":null},"RequestDecision":{"count":420454,"self":1.149478,"total":4.9539532999999993,"children":{"AgentInfo.ToProto":{"count":420454,"self":1.238772,"total":3.8044753,"children":{"GenerateSensorData":{"count":420454,"self":2.5657031999999997,"total":2.5657033,"children":null}}}}}}},"DecideAction":{"count":2102268,"self":1266.6421248,"total":1266.6421076,"children":null},"AgentAct":{"count":2102268,"self":5.8399972,"total":5.8399972999999994,"children":null},"AgentInfo.ToProto":{"count":1223,"self":0.0018134,"total":0.0085045,"children":{"GenerateSensorData":{"count":1223,"self":0.0066910999999999993,"total":0.0066910999999999993,"children":null}}}},"gauges":{"RacerBehavior.CumulativeReward":{"count":1223,"max":65.4284,"min":-0.8077203,"runningAverage":24.0639458,"value":56.2978325,"weightedAverage":46.0964966}},"metadata":{"timer_format_version":"0.1.0","start_time_seconds":"1744286093","unity_version":"6000.0.39f1","command_line_arguments":"D:\\unity\\6000.0.39f1\\Editor\\Unity.exe -projectpath E:\\unity\\RM_CW -useHub -hubIPC -cloudEnvironment production","communication_protocol_version":"1.5.0","com.unity.ml-agents_version":"3.0.0","scene_name":"Race Track","end_time_seconds":"1744289066"}}